index,test_id,defects4J_id,RAP_Gen_reapir_output,RAP_Gen_reapir_outcome,unique_repair
0,test_0.output,Chart_1_AbstractCategoryItemRenderer_1_1,if(dataset == null){,1,
5,test_5.output,Chart_10_StandardToolTipTagFragmentGenerator_1_1,,,
6,test_6.output,Chart_11_ShapeUtilities_1_1,PathIterator iterator2 = p2.getPathIterator(null);,1,
7,test_7.output,Chart_12_MultiplePiePlot_1_1,setDataset(dataset);,1,
8,test_8.output,Chart_13_BorderArrangement_1_1,,,
375,test_375.output,Chart_14_CategoryPlot_2_1,,,
376,test_376.output,Chart_14_CategoryPlot_2_2,,,
377,test_377.output,Chart_14_XYPlot_2_1,,,
378,test_378.output,Chart_14_XYPlot_2_2,,,
369,test_369.output,Chart_15_PiePlot_2_1,,,
370,test_370.output,Chart_15_PiePlot_2_2,,,
371,test_371.output,Chart_16_DefaultIntervalCategoryDataset_2_1,,,
372,test_372.output,Chart_16_DefaultIntervalCategoryDataset_2_2,if(categoryKeys.length!= getCategoryCount()){,1,1
9,test_9.output,Chart_17_TimeSeries_1_1,,,
373,test_373.output,Chart_19_CategoryPlot_2_1,,,
374,test_374.output,Chart_19_CategoryPlot_2_2,,,
10,test_10.output,Chart_20_ValueMarker_1_1,"super(paint, stroke, outlinePaint, outlineStroke, alpha);",1,
11,test_11.output,Chart_23_MinMaxCategoryRenderer_1_1,,,
12,test_12.output,Chart_24_GrayPaintScale_1_1,,,
1,test_1.output,Chart_3_TimeSeries_1_1,,,
366,test_366.output,Chart_4_XYPlot_1_1,,,
367,test_367.output,Chart_5_XYSeries_2_1,,,
368,test_368.output,Chart_5_XYSeries_2_2,,,
2,test_2.output,Chart_6_ShapeList_1_1,,,
464,test_464.output,Chart_7_TimePeriodValues_2_1,long s = getDataItem(this.maxMiddleIndex).getPeriod().getStart().getTime();,1,
465,test_465.output,Chart_7_TimePeriodValues_2_2,long e = getDataItem(this.maxMiddleIndex).getPeriod().getEnd().getTime();,1,
3,test_3.output,Chart_8_Week_1_1,"this(time, zone, Locale.getDefault());",1,
4,test_4.output,Chart_9_TimeSeries_1_1,if(endIndex < 0 || startIndex > endIndex){,1,
97,test_97.output,Cli_11_HelpFormatter_1_1,,,
98,test_98.output,Cli_12_GnuParser_1_1,,,
99,test_99.output,Cli_17_PosixParser_1_1,,,
423,test_423.output,Cli_2_PosixParser_2_1,,,
100,test_100.output,Cli_24_HelpFormatter_1_1,,,
101,test_101.output,Cli_25_HelpFormatter_1_1,,,
476,test_476.output,Cli_27_OptionGroup_2_1,,,
477,test_477.output,Cli_27_OptionGroup_2_2,,,
102,test_102.output,Cli_28_Parser_1_1,,,
424,test_424.output,Cli_3_TypeHandler_2_2,,,
103,test_103.output,Cli_32_HelpFormatter_1_1,,,
425,test_425.output,Cli_34_Option_1_1,,,
426,test_426.output,Cli_34_OptionBuilder_1_1,,,
104,test_104.output,Cli_35_Options_1_1,,,
105,test_105.output,Cli_37_DefaultParser_1_1,,,
106,test_106.output,Cli_38_DefaultParser_1_1,,,
93,test_93.output,Cli_4_Parser_1_1,,,
427,test_427.output,Cli_40_TypeHandler_1_1,,,
94,test_94.output,Cli_5_Util_1_1,,,
95,test_95.output,Cli_8_HelpFormatter_1_1,,,
96,test_96.output,Cli_9_Parser_1_1,,,
107,test_107.output,Closure_1_RemoveUnusedVars_1_1,,,
111,test_111.output,Closure_10_NodeUtil_1_1,,,
155,test_155.output,Closure_101_CommandLineRunner_1_1,,,
156,test_156.output,Closure_104_UnionType_1_1,if(!result.isNoType()){,1,
446,test_446.output,Closure_106_GlobalNamespace_1_1,,,
447,test_447.output,Closure_106_JSDocInfoBuilder_1_1,populated = true;,1,
157,test_157.output,Closure_107_CommandLineRunner_1_1,,,
158,test_158.output,Closure_109_JsDocInfoParser_1_1,,,
112,test_112.output,Closure_11_TypeCheck_1_1,[Delete] or ;,1,
159,test_159.output,Closure_111_ClosureReverseAbstractInterpreter_1_1,,,
160,test_160.output,Closure_112_TypeInference_1_1,,,
161,test_161.output,Closure_113_ProcessClosurePrimitives_1_1,if(provided!= null || requiresLevel.isOn()){,1,
162,test_162.output,Closure_114_NameAnalyzer_1_1,,,
448,test_448.output,Closure_115_FunctionInjector_2_1,[Delete] or ;,1,1
449,test_449.output,Closure_115_FunctionInjector_2_2,[Delete] or ;,1,
163,test_163.output,Closure_118_DisambiguateProperties_1_1,,,
164,test_164.output,Closure_119_GlobalNamespace_1_1,,,
113,test_113.output,Closure_12_MaybeReachingVariableUse_1_1,,,
165,test_165.output,Closure_120_ReferenceCollectingCallback_1_1,,,
166,test_166.output,Closure_122_IRFactory_1_1,,,
167,test_167.output,Closure_123_CodeGenerator_1_1,Context rhsContext = getContextForNoInOperator(context);,1,
168,test_168.output,Closure_124_ExploitAssigns_1_1,,,
169,test_169.output,Closure_125_TypeCheck_1_1,if(fnType!= null && fnType.hasInstanceType()){,1,
170,test_170.output,Closure_126_MinimizeExitPoints_1_1,[Delete] or ;,1,
171,test_171.output,Closure_129_PrepareAst_1_1,,,
114,test_114.output,Closure_13_PeepholeOptimizationsPass_1_1,,,
172,test_172.output,Closure_130_CollapseProperties_1_1,,,
173,test_173.output,Closure_132_PeepholeSubstituteAlternateSyntax_1_1,,,
450,test_450.output,Closure_132_PeepholeSubstituteAlternateSyntax_1_1,,,
174,test_174.output,Closure_133_JsDocInfoParser_1_1,,,
115,test_115.output,Closure_14_ControlFlowAnalysis_1_1,,,
175,test_175.output,Closure_146_JSType_1_1,,,
116,test_116.output,Closure_15_FlowSensitiveInlineVariables_1_1,,,
176,test_176.output,Closure_150_TypedScopeCreator_1_1,,,
177,test_177.output,Closure_152_FunctionType_1_1,,,
178,test_178.output,Closure_159_InlineFunctions_1_1,,,
179,test_179.output,Closure_161_PeepholeFoldConstants_1_1,,,
180,test_180.output,Closure_166_PrototypeObjectType_1_1,,,
181,test_181.output,Closure_168_TypedScopeCreator_1_1,,,
117,test_117.output,Closure_17_TypedScopeCreator_1_1,,,
182,test_182.output,Closure_172_TypedScopeCreator_1_1,,,
118,test_118.output,Closure_18_Compiler_1_1,if(options.dependencyOptions.needsManagement()){,1,
119,test_119.output,Closure_19_ChainableReverseAbstractInterpreter_1_1,case Token.THIS: break;,1,1
108,test_108.output,Closure_2_TypeCheck_1_1,,,
120,test_120.output,Closure_20_PeepholeSubstituteAlternateSyntax_1_1,,,
121,test_121.output,Closure_28_InlineCostEstimator_1_1,,,
122,test_122.output,Closure_31_Compiler_1_1,,,
123,test_123.output,Closure_33_PrototypeObjectType_1_1,,,
124,test_124.output,Closure_35_TypeInference_1_1,,,
125,test_125.output,Closure_36_InlineVariables_1_1,,,
126,test_126.output,Closure_38_CodeConsumer_1_1,,,
428,test_428.output,Closure_4_NamedType_2_1,,,
429,test_429.output,Closure_4_NamedType_2_2,,,
127,test_127.output,Closure_40_NameAnalyzer_1_1,,,
128,test_128.output,Closure_42_IRFactory_1_1,,,
129,test_129.output,Closure_46_RecordType_1_1,[Delete] or ;,1,
431,test_431.output,Closure_47_SourceMapConsumerV3_1_1,,,
130,test_130.output,Closure_48_TypedScopeCreator_1_1,,,
432,test_432.output,Closure_49_MakeDeclaredNamesUnique_1_1,,,
109,test_109.output,Closure_5_InlineObjectLiterals_1_1,,,
131,test_131.output,Closure_52_CodeGenerator_1_1,,,
132,test_132.output,Closure_55_FunctionRewriter_1_1,,,
133,test_133.output,Closure_56_SourceFile_1_1,,,
134,test_134.output,Closure_57_ClosureCodingConvention_1_1,if(target!= null && target.getType() == Token.STRING){,1,
135,test_135.output,Closure_58_LiveVariablesAnalysis_1_1,,,
136,test_136.output,Closure_59_Compiler_1_1,,,
474,test_474.output,Closure_6_TypeValidator_2_1,,,
475,test_475.output,Closure_6_TypeValidator_2_2,,,
137,test_137.output,Closure_61_NodeUtil_1_1,,,
138,test_138.output,Closure_62_LightweightMessageFormatter_1_1,,,
139,test_139.output,Closure_65_CodeGenerator_1_1,"case '\0': sb.append(""\\000""); break;",1,1
140,test_140.output,Closure_66_TypeCheck_1_1,,,
141,test_141.output,Closure_67_AnalyzePrototypeProperties_1_1,,,
142,test_142.output,Closure_69_TypeCheck_1_1,,,
110,test_110.output,Closure_7_ChainableReverseAbstractInterpreter_1_1,,,
143,test_143.output,Closure_70_TypedScopeCreator_1_1,"jsDocParameter.getJSType(), false);",1,
144,test_144.output,Closure_71_CheckAccessControls_1_1,,,
433,test_433.output,Closure_72_FunctionToBlockMutator_1_1,,,
145,test_145.output,Closure_73_CodeGenerator_1_1,if(c > 0x1f && c < 0x7f){,1,
434,test_434.output,Closure_75_NodeUtil_2_1,,,
435,test_435.output,Closure_75_NodeUtil_2_2,return TernaryValue.UNKNOWN;,1,
146,test_146.output,Closure_77_CodeGenerator_1_1,"case '\0': sb.append(""\\0""); break;",1,1
436,test_436.output,Closure_78_PeepholeFoldConstants_2_1,,,
437,test_437.output,Closure_78_PeepholeFoldConstants_2_2,,,
438,test_438.output,Closure_79_Normalize_1_1,".traverseRoots(externs, root);",1,
439,test_439.output,Closure_79_VarCheck_1_1,compiler.reportCodeChange();,1,
430,test_430.output,Closure_8_CollapseVariableDeclarations_2_1,,,
440,test_440.output,Closure_80_NodeUtil_2_1,,,
441,test_441.output,Closure_80_NodeUtil_2_2,,,
147,test_147.output,Closure_81_IRFactory_1_1,,,
148,test_148.output,Closure_82_JSType_1_1,,,
149,test_149.output,Closure_83_CommandLineRunner_1_1,,,
150,test_150.output,Closure_86_NodeUtil_1_1,return false;,1,
442,test_442.output,Closure_89_CollapseProperties_1_1,,,
443,test_443.output,Closure_89_GlobalNamespace_1_1,,,
445,test_445.output,Closure_90_FunctionType_1_1,,,
444,test_444.output,Closure_90_FunctionTypeBuilder_1_1,,,
151,test_151.output,Closure_91_CheckGlobalThis_1_1,,,
152,test_152.output,Closure_92_ProcessClosurePrimitives_1_1,int indexOfDot = namespace.lastIndexOf('.');,1,
153,test_153.output,Closure_96_TypeCheck_1_1,,,
154,test_154.output,Closure_97_PeepholeFoldConstants_1_1,,,
189,test_189.output,Codec_10_Caverphone_1_1,,,
190,test_190.output,Codec_16_Base32_1_1,,,
191,test_191.output,Codec_17_StringUtils_1_1,,,
192,test_192.output,Codec_18_StringUtils_1_1,,,
183,test_183.output,Codec_2_Base64_1_1,,,
184,test_184.output,Codec_3_DoubleMetaphone_1_1,,,
185,test_185.output,Codec_4_Base64_1_1,,,
186,test_186.output,Codec_5_Base64_1_1,,,
187,test_187.output,Codec_7_Base64_1_1,,,
451,test_451.output,Codec_8_Base64_1_1,,,
452,test_452.output,Codec_8_Base64InputStream_1_1,,,
188,test_188.output,Codec_9_Base64_1_1,,,
323,test_323.output,Collections_26_MultiKey_1_1,,,
324,test_324.output,Collections_27_MultiValueMap_1_1,,,
325,test_325.output,Collections_28_AbstractPatriciaTrie_1_1,,,
301,test_301.output,Compress_12_TarArchiveInputStream_1_1,,,
302,test_302.output,Compress_13_ZipArchiveEntry_1_1,,,
303,test_303.output,Compress_14_TarUtils_1_1,,,
304,test_304.output,Compress_15_ZipArchiveEntry_1_1,,,
305,test_305.output,Compress_16_ArchiveStreamFactory_1_1,,,
306,test_306.output,Compress_17_TarUtils_1_1,,,
307,test_307.output,Compress_18_TarArchiveOutputStream_1_1,,,
308,test_308.output,Compress_19_Zip64ExtendedInformationExtraField_1_1,,,
309,test_309.output,Compress_23_Coders_1_1,,,
310,test_310.output,Compress_25_ZipArchiveInputStream_1_1,,,
311,test_311.output,Compress_26_IOUtils_1_1,,,
312,test_312.output,Compress_27_TarUtils_1_1,,,
313,test_313.output,Compress_28_TarArchiveInputStream_1_1,,,
314,test_314.output,Compress_30_BZip2CompressorInputStream_1_1,,,
315,test_315.output,Compress_31_TarUtils_1_1,,,
468,test_468.output,Compress_32_TarArchiveInputStream_2_1,,,
469,test_469.output,Compress_32_TarArchiveInputStream_2_2,,,
316,test_316.output,Compress_36_SevenZFile_1_1,,,
317,test_317.output,Compress_37_TarArchiveInputStream_1_1,,,
318,test_318.output,Compress_38_TarArchiveEntry_1_1,,,
319,test_319.output,Compress_41_ZipArchiveInputStream_1_1,,,
320,test_320.output,Compress_44_ChecksumCalculatingInputStream_1_1,,,
321,test_321.output,Compress_45_TarUtils_1_1,,,
322,test_322.output,Compress_46_X5455_ExtendedTimestamp_1_1,,,
299,test_299.output,Compress_5_ZipArchiveInputStream_1_1,,,
300,test_300.output,Compress_7_TarUtils_1_1,,,
356,test_356.output,Csv_10_CSVPrinter_1_1,,,
357,test_357.output,Csv_11_CSVParser_1_1,,,
358,test_358.output,Csv_12_CSVFormat_1_1,,,
359,test_359.output,Csv_14_CSVFormat_1_1,,,
360,test_360.output,Csv_15_CSVFormat_1_1,,,
350,test_350.output,Csv_2_CSVRecord_1_1,,,
351,test_351.output,Csv_3_Lexer_1_1,,,
352,test_352.output,Csv_4_CSVParser_1_1,,,
353,test_353.output,Csv_5_CSVPrinter_1_1,,,
354,test_354.output,Csv_6_CSVRecord_1_1,,,
355,test_355.output,Csv_9_CSVRecord_1_1,,,
344,test_344.output,Gson_10_ReflectiveTypeAdapterFactory_1_1,,,
345,test_345.output,Gson_11_TypeAdapters_1_1,,,
346,test_346.output,Gson_12_JsonTreeReader_1_1,,,
347,test_347.output,Gson_13_JsonReader_1_1,,,
348,test_348.output,Gson_15_JsonWriter_1_1,,,
349,test_349.output,Gson_17_DefaultDateTypeAdapter_1_1,,,
341,test_341.output,Gson_2_TypeAdapters_1_1,,,
342,test_342.output,Gson_5_ISO8601Utils_1_1,,,
343,test_343.output,Gson_6_JsonAdapterAnnotationTypeAdapterFactory_1_1,,,
295,test_295.output,JacksonCore_11_ByteQuadsCanonicalizer_1_1,,,
462,test_462.output,JacksonCore_14_IOContext_2_1,,,
463,test_463.output,JacksonCore_14_IOContext_2_2,,,
296,test_296.output,JacksonCore_23_DefaultPrettyPrinter_1_1,,,
297,test_297.output,JacksonCore_25_ReaderBasedJsonParser_1_1,,,
298,test_298.output,JacksonCore_26_NonBlockingJsonParser_1_1,,,
290,test_290.output,JacksonCore_3_UTF8StreamJsonParser_1_1,,,
291,test_291.output,JacksonCore_4_TextBuffer_1_1,,,
292,test_292.output,JacksonCore_5_JsonPointer_1_1,,,
293,test_293.output,JacksonCore_7_JsonWriteContext_1_1,,,
294,test_294.output,JacksonCore_8_TextBuffer_1_1,,,
287,test_287.output,JacksonDatabind_100_TreeTraversingParser_1_1,,,
288,test_288.output,JacksonDatabind_102_DateTimeSerializerBase_1_1,,,
289,test_289.output,JacksonDatabind_107_TypeDeserializerBase_1_1,,,
257,test_257.output,JacksonDatabind_12_MapDeserializer_1_1,,,
459,test_459.output,JacksonDatabind_13_DefaultDeserializationContext_1_1,,,
460,test_460.output,JacksonDatabind_13_ObjectIdValueProperty_1_1,,,
258,test_258.output,JacksonDatabind_16_AnnotationMap_1_1,,,
259,test_259.output,JacksonDatabind_17_ObjectMapper_1_1,,,
260,test_260.output,JacksonDatabind_19_TypeFactory_1_1,,,
261,test_261.output,JacksonDatabind_26_BeanPropertyWriter_1_1,,,
262,test_262.output,JacksonDatabind_27_BeanDeserializer_1_1,,,
263,test_263.output,JacksonDatabind_33_JacksonAnnotationIntrospector_1_1,,,
264,test_264.output,JacksonDatabind_34_NumberSerializer_1_1,,,
265,test_265.output,JacksonDatabind_37_SimpleType_1_1,,,
266,test_266.output,JacksonDatabind_39_NullifyingDeserializer_1_1,,,
267,test_267.output,JacksonDatabind_42_FromStringDeserializer_1_1,,,
268,test_268.output,JacksonDatabind_45_DateTimeSerializerBase_1_1,,,
269,test_269.output,JacksonDatabind_46_ReferenceType_1_1,,,
270,test_270.output,JacksonDatabind_49_WritableObjectId_1_1,,,
255,test_255.output,JacksonDatabind_5_AnnotatedClass_1_1,,,
271,test_271.output,JacksonDatabind_51_TypeDeserializerBase_1_1,,,
466,test_466.output,JacksonDatabind_54_PropertyBuilder_2_1,,,
467,test_467.output,JacksonDatabind_54_PropertyBuilder_2_2,,,
272,test_272.output,JacksonDatabind_57_ObjectReader_1_1,,,
273,test_273.output,JacksonDatabind_58_BeanDeserializerFactory_1_1,,,
274,test_274.output,JacksonDatabind_62_CollectionDeserializer_1_1,,,
275,test_275.output,JacksonDatabind_67_BasicDeserializerFactory_1_1,,,
276,test_276.output,JacksonDatabind_70_BeanPropertyMap_1_1,,,
461,test_461.output,JacksonDatabind_71_StdKeyDeserializer_1_1,,,
277,test_277.output,JacksonDatabind_74_AsPropertyTypeDeserializer_1_1,,,
278,test_278.output,JacksonDatabind_76_BuilderBasedDeserializer_1_1,,,
279,test_279.output,JacksonDatabind_82_BeanDeserializerFactory_1_1,,,
280,test_280.output,JacksonDatabind_83_FromStringDeserializer_1_1,,,
281,test_281.output,JacksonDatabind_88_ClassNameIdResolver_1_1,,,
256,test_256.output,JacksonDatabind_9_StdKeySerializer_1_1,,,
282,test_282.output,JacksonDatabind_93_SubTypeValidator_1_1,,,
283,test_283.output,JacksonDatabind_96_BasicDeserializerFactory_1_1,,,
284,test_284.output,JacksonDatabind_97_POJONode_1_1,,,
285,test_285.output,JacksonDatabind_98_ExternalTypeHandler_1_1,,,
286,test_286.output,JacksonDatabind_99_ReferenceType_1_1,,,
338,test_338.output,JacksonXml_3_FromXmlParser_1_1,,,
339,test_339.output,JacksonXml_4_XmlSerializerProvider_1_1,,,
340,test_340.output,JacksonXml_5_XmlSerializerProvider_1_1,,,
211,test_211.output,Jsoup_10_Node_1_1,,,
212,test_212.output,Jsoup_13_Node_1_1,,,
213,test_213.output,Jsoup_15_TreeBuilderState_1_1,,,
214,test_214.output,Jsoup_17_TreeBuilderState_1_1,,,
215,test_215.output,Jsoup_19_Whitelist_1_1,,,
207,test_207.output,Jsoup_2_Parser_1_1,,,
216,test_216.output,Jsoup_20_DataUtil_1_1,,,
217,test_217.output,Jsoup_24_TokeniserState_1_1,,,
218,test_218.output,Jsoup_25_Tag_1_1,,,
219,test_219.output,Jsoup_26_Cleaner_1_1,,,
220,test_220.output,Jsoup_27_DataUtil_1_1,,,
221,test_221.output,Jsoup_32_Element_1_1,,,
222,test_222.output,Jsoup_33_HtmlTreeBuilder_1_1,,,
223,test_223.output,Jsoup_34_CharacterReader_1_1,,,
224,test_224.output,Jsoup_35_HtmlTreeBuilderState_1_1,,,
225,test_225.output,Jsoup_37_Element_1_1,,,
226,test_226.output,Jsoup_38_HtmlTreeBuilderState_1_1,,,
227,test_227.output,Jsoup_39_DataUtil_1_1,,,
228,test_228.output,Jsoup_40_DocumentType_1_1,,,
229,test_229.output,Jsoup_41_Element_1_1,,,
230,test_230.output,Jsoup_43_Element_1_1,,,
231,test_231.output,Jsoup_45_HtmlTreeBuilder_1_1,,,
232,test_232.output,Jsoup_46_Entities_1_1,,,
233,test_233.output,Jsoup_47_Entities_1_1,,,
234,test_234.output,Jsoup_48_HttpConnection_1_1,,,
235,test_235.output,Jsoup_49_Node_1_1,,,
208,test_208.output,Jsoup_5_Parser_1_1,,,
236,test_236.output,Jsoup_51_CharacterReader_1_1,,,
237,test_237.output,Jsoup_54_W3CDom_1_1,,,
238,test_238.output,Jsoup_55_TokeniserState_1_1,,,
239,test_239.output,Jsoup_57_Attributes_1_1,,,
209,test_209.output,Jsoup_6_Entities_2_1,,,
457,test_457.output,Jsoup_6_Entities_2_2,,,
240,test_240.output,Jsoup_61_Element_1_1,,,
241,test_241.output,Jsoup_62_HtmlTreeBuilderState_1_1,,,
242,test_242.output,Jsoup_68_HtmlTreeBuilder_1_1,,,
243,test_243.output,Jsoup_72_CharacterReader_1_1,,,
244,test_244.output,Jsoup_75_Attributes_1_1,,,
245,test_245.output,Jsoup_76_HtmlTreeBuilderState_1_1,,,
246,test_246.output,Jsoup_77_XmlTreeBuilder_1_1,,,
458,test_458.output,Jsoup_80_XmlTreeBuilder_2_1,,,
247,test_247.output,Jsoup_82_DataUtil_1_1,,,
248,test_248.output,Jsoup_84_W3CDom_1_1,,,
249,test_249.output,Jsoup_85_Attribute_1_1,,,
250,test_250.output,Jsoup_86_Comment_1_1,,,
251,test_251.output,Jsoup_88_Attribute_1_1,,,
252,test_252.output,Jsoup_89_Attribute_1_1,,,
210,test_210.output,Jsoup_9_Entities_1_1,,,
253,test_253.output,Jsoup_90_HttpConnection_1_1,,,
254,test_254.output,Jsoup_93_FormElement_1_1,,,
363,test_363.output,JxPath_10_CoreOperationRelationalExpression_1_1,,,
364,test_364.output,JxPath_12_DOMNodePointer_1_1,,,
365,test_365.output,JxPath_21_PropertyPointer_1_1,,,
361,test_361.output,JxPath_5_NodePointer_1_1,,,
362,test_362.output,JxPath_8_CoreOperationRelationalExpression_1_1,,,
64,test_64.output,Lang_10_FastDateParser_1_1,[Delete] or ;,1,1
65,test_65.output,Lang_11_RandomStringUtils_1_1,,,
66,test_66.output,Lang_14_StringUtils_1_1,,,
67,test_67.output,Lang_16_NumberUtils_1_1,,,
68,test_68.output,Lang_18_FastDateFormat_1_1,,,
411,test_411.output,Lang_20_StringUtils_2_1,,,
412,test_412.output,Lang_20_StringUtils_2_2,,,
69,test_69.output,Lang_21_DateUtils_1_1,,,
70,test_70.output,Lang_22_Fraction_1_1,,,
71,test_71.output,Lang_24_NumberUtils_1_1,,,
72,test_72.output,Lang_26_FastDateFormat_1_1,"Calendar c = new GregorianCalendar(mTimeZone, mLocale);",1,
413,test_413.output,Lang_27_NumberUtils_2_1,,,
414,test_414.output,Lang_27_NumberUtils_2_2,,,
73,test_73.output,Lang_28_NumericEntityUnescaper_1_1,,,
74,test_74.output,Lang_29_SystemUtils_1_1,static int toJavaVersionInt(String version){,1,
75,test_75.output,Lang_33_ClassUtils_1_1,,,
415,test_415.output,Lang_34_ToStringStyle_2_1,return REGISTRY.get();,1,1
416,test_416.output,Lang_34_ToStringStyle_2_2,return m!= null && m.containsKey(value);,1,
417,test_417.output,Lang_35_ArrayUtils_2_1,"throw new IllegalArgumentException("""");",1,1
418,test_418.output,Lang_35_ArrayUtils_2_2,,,
76,test_76.output,Lang_37_ArrayUtils_1_1,,,
77,test_77.output,Lang_38_FastDateFormat_1_1,,,
78,test_78.output,Lang_39_StringUtils_1_1,,,
79,test_79.output,Lang_40_StringUtils_1_1,,,
80,test_80.output,Lang_43_ExtendedMessageFormat_1_1,,,
81,test_81.output,Lang_44_NumberUtils_1_1,,,
82,test_82.output,Lang_45_WordUtils_1_1,,,
419,test_419.output,Lang_47_StrBuilder_2_1,,,
420,test_420.output,Lang_47_StrBuilder_2_2,,,
83,test_83.output,Lang_48_EqualsBuilder_1_1,,,
84,test_84.output,Lang_49_Fraction_1_1,,,
85,test_85.output,Lang_51_BooleanUtils_1_1,return false;,1,
86,test_86.output,Lang_52_StringEscapeUtils_1_1,case '/': out.write('\\'); out.write('/'); break;,1,1
87,test_87.output,Lang_54_LocaleUtils_1_1,,,
88,test_88.output,Lang_55_StopWatch_1_1,,,
89,test_89.output,Lang_57_LocaleUtils_1_1,return availableLocaleList().contains(locale);,1,
90,test_90.output,Lang_58_NumberUtils_1_1,,,
91,test_91.output,Lang_59_StrBuilder_1_1,,,
62,test_62.output,Lang_6_CharSequenceTranslator_1_1,"pos += Character.charCount(Character.codePointAt(input, pt));",1,
421,test_421.output,Lang_60_StrBuilder_2_1,,,
422,test_422.output,Lang_60_StrBuilder_2_2,for(int i = startIndex; i < size; i++){,1,
92,test_92.output,Lang_61_StrBuilder_1_1,,,
410,test_410.output,Lang_7_NumberUtils_1_1,[Delete] or ;,1,
63,test_63.output,Lang_9_FastDateParser_1_1,,,
379,test_379.output,Math_1_BigFraction_1_1,,,
380,test_380.output,Math_1_Fraction_1_1,,,
17,test_17.output,Math_10_DSCompiler_1_1,,,
58,test_58.output,Math_101_ComplexFormat_1_1,,,
59,test_59.output,Math_103_NormalDistributionImpl_1_1,,,
60,test_60.output,Math_104_Gamma_1_1,private static final double DEFAULT_EPSILON = 10e-15;,1,
61,test_61.output,Math_105_SimpleRegression_1_1,,,
408,test_408.output,Math_106_ProperFractionFormat_2_1,,,
409,test_409.output,Math_106_ProperFractionFormat_2_2,,,
18,test_18.output,Math_11_MultivariateNormalDistribution_1_1,,,
19,test_19.output,Math_13_AbstractLeastSquaresOptimizer_1_1,,,
383,test_383.output,Math_15_FastMath_2_2,,,
20,test_20.output,Math_17_Dfp_1_1,,,
21,test_21.output,Math_19_CMAESOptimizer_1_1,,,
13,test_13.output,Math_2_HypergeometricDistribution_1_1,,,
22,test_22.output,Math_20_CMAESOptimizer_1_1,,,
384,test_384.output,Math_22_FDistribution_1_1,return false;,1,
385,test_385.output,Math_22_UniformRealDistribution_1_1,return true;,1,
386,test_386.output,Math_24_BrentOptimizer_2_1,,,
387,test_387.output,Math_24_BrentOptimizer_2_2,,,
23,test_23.output,Math_25_HarmonicFitter_1_1,,,
388,test_388.output,Math_26_Fraction_2_1,,,
389,test_389.output,Math_26_Fraction_2_2,,,
24,test_24.output,Math_27_Fraction_1_1,,,
14,test_14.output,Math_3_MathArrays_1_1,,,
25,test_25.output,Math_30_MannWhitneyUTest_1_1,final double n1n2prod = n1 * n2;,1,
26,test_26.output,Math_32_PolygonsSet_1_1,,,
27,test_27.output,Math_33_SimplexTableau_1_1,,,
28,test_28.output,Math_34_ListPopulation_1_1,return getChromosomes().iterator();,1,
390,test_390.output,Math_35_ElitisticListPopulation_2_1,setElitismRate(elitismRate);,1,1
391,test_391.output,Math_35_ElitisticListPopulation_2_2,setElitismRate(elitismRate);,1,1
29,test_29.output,Math_39_EmbeddedRungeKuttaIntegrator_1_1,,,
381,test_381.output,Math_4_SubLine_1_1,,,
382,test_382.output,Math_4_SubLine_1_1,,,
30,test_30.output,Math_40_BracketingNthOrderBrentSolver_1_1,,,
31,test_31.output,Math_41_Variance_1_1,for(int i = begin; i < begin + length; i++){,1,
32,test_32.output,Math_43_SummaryStatistics_1_1,,,
33,test_33.output,Math_45_OpenMapRealMatrix_1_1,,,
392,test_392.output,Math_46_Complex_2_1,,,
393,test_393.output,Math_46_Complex_2_2,,,
34,test_34.output,Math_48_BaseSecantSolver_1_1,,,
394,test_394.output,Math_49_OpenMapRealVector_4_1,Iterator iter = entries.iterator();,1,
395,test_395.output,Math_49_OpenMapRealVector_4_2,Iterator iter = entries.iterator();,1,
396,test_396.output,Math_49_OpenMapRealVector_4_3,Iterator iter = entries.iterator();,1,
397,test_397.output,Math_49_OpenMapRealVector_4_4,Iterator iter = entries.iterator();,1,
15,test_15.output,Math_5_Complex_1_1,return INF;,1,
35,test_35.output,Math_50_BaseSecantSolver_1_1,,,
36,test_36.output,Math_51_BaseSecantSolver_1_1,,,
37,test_37.output,Math_53_Complex_1_1,,,
38,test_38.output,Math_56_MultidimensionalCounter_1_1,,,
39,test_39.output,Math_57_KMeansPlusPlusClusterer_1_1,double sum = 0;,1,
40,test_40.output,Math_58_GaussianFitter_1_1,,,
41,test_41.output,Math_59_FastMath_1_1,,,
42,test_42.output,Math_60_NormalDistributionImpl_1_1,,,
43,test_43.output,Math_63_MathUtils_1_1,,,
398,test_398.output,Math_67_MultiStartUnivariateRealOptimizer_2_1,return optimaValues[0];,1,1
399,test_399.output,Math_67_MultiStartUnivariateRealOptimizer_2_2,,,
44,test_44.output,Math_69_PearsonsCorrelation_1_1,,,
45,test_45.output,Math_70_BisectionSolver_1_1,"return solve(f, min, max);",1,
400,test_400.output,Math_72_BrentSolver_2_1,"setResult(min, 0);",1,
401,test_401.output,Math_72_BrentSolver_2_2,"setResult(max, 0);",1,
46,test_46.output,Math_73_BrentSolver_1_1,,,
47,test_47.output,Math_74_EmbeddedRungeKuttaIntegrator_1_1,,,
48,test_48.output,Math_75_Frequency_1_1,return getPct(( Comparable<?>)v);,1,
472,test_472.output,Math_77_ArrayRealVector_1_1,"max = Math.max(max, Math.abs(a));",1,
473,test_473.output,Math_77_OpenMapRealVector_1_1,[Delete] or ;,1,1
470,test_470.output,Math_79_MathUtils_2_1,double sum = 0;,1,
471,test_471.output,Math_79_MathUtils_2_2,final double dp = p1[i] - p2[i];,1,
49,test_49.output,Math_80_EigenDecompositionImpl_1_1,int j = 4 *(n - 1);,1,
50,test_50.output,Math_82_SimplexSolver_1_1,,,
51,test_51.output,Math_85_UnivariateRealSolverUtils_1_1,,,
52,test_52.output,Math_87_SimplexTableau_1_1,,,
53,test_53.output,Math_89_Frequency_1_1,,,
16,test_16.output,Math_9_Line_1_1,,,
54,test_54.output,Math_91_Fraction_1_1,,,
55,test_55.output,Math_94_MathUtils_1_1,,,
56,test_56.output,Math_95_FDistributionImpl_1_1,,,
57,test_57.output,Math_96_Complex_1_1,,,
402,test_402.output,Math_98_BigMatrixImpl_1_1,final BigDecimal[] out = new BigDecimal[nRows];,1,
403,test_403.output,Math_98_RealMatrixImpl_1_1,final double[] out = new double[nRows];,1,
404,test_404.output,Math_99_MathUtils_2_1,,,
406,test_406.output,Math_99_MathUtils_2_1,,,
405,test_405.output,Math_99_MathUtils_2_2,,,
407,test_407.output,Math_99_MathUtils_2_2,,,
193,test_193.output,Mockito_1_InvocationMatcher_1_1,,,
197,test_197.output,Mockito_12_GenericMaster_1_1,,,
454,test_454.output,Mockito_15_FinalMockCandidateFilter_2_2,,,
198,test_198.output,Mockito_18_ReturnsEmptyValues_1_1,,,
455,test_455.output,Mockito_18_ReturnsEmptyValues_1_1,,,
199,test_199.output,Mockito_22_Equality_1_1,,,
456,test_456.output,Mockito_22_Equality_1_1,,,
200,test_200.output,Mockito_24_ReturnsEmptyValues_1_1,,,
201,test_201.output,Mockito_26_Primitives_1_1,"primitiveValues.put(double.class, 0D);",1,
202,test_202.output,Mockito_27_MockUtil_1_1,,,
203,test_203.output,Mockito_28_DefaultInjectionEngine_1_1,,,
204,test_204.output,Mockito_29_Same_1_1,,,
205,test_205.output,Mockito_34_InvocationMatcher_1_1,,,
206,test_206.output,Mockito_37_AnswersValidator_1_1,,,
194,test_194.output,Mockito_5_VerificationOverTimeImpl_1_1,catch(AssertionError e){,1,
195,test_195.output,Mockito_7_GenericMetadataSupport_1_1,,,
196,test_196.output,Mockito_8_GenericMetadataSupport_1_1,,,
453,test_453.output,Mockito_8_GenericMetadataSupport_1_1,,,
329,test_329.output,Time_11_ZoneInfoCompiler_1_1,,,
330,test_330.output,Time_14_BasicMonthOfYearDateTimeField_1_1,,,
331,test_331.output,Time_15_FieldUtils_1_1,,,
332,test_332.output,Time_16_DateTimeFormatter_1_1,,,
333,test_333.output,Time_19_DateTimeZone_1_1,} else if(offsetLocal >= 0){,1,
334,test_334.output,Time_20_DateTimeFormatterBuilder_1_1,,,
335,test_335.output,Time_22_BasePeriod_1_1,,,
336,test_336.output,Time_24_DateTimeParserBucket_1_1,,,
337,test_337.output,Time_25_DateTimeZone_1_1,,,
326,test_326.output,Time_4_Partial_1_1,,,
327,test_327.output,Time_5_Period_1_1,,,
328,test_328.output,Time_7_DateTimeFormatter_1_1,,,
,,,,72,13